Time (s),Original (counts),Bandpass (counts),Smoothed (counts)
0.0000,7600,11329.3,-9990.5
0.0064,-60650,-64393.9,-28300.1
0.0128,-48450,-30877.4,-36501.7
0.0192,-24460,-38654.2,-36924.7
0.0256,-57880,-36253.5,-31898.3
0.0320,17930,8324.8,-23751.8
0.0384,-24350,-16218.1,-12812.1
0.0448,-26000,-16388.4,-10533.1
0.0512,5930,-5160.7,-10678.8
0.0575,-49170,-26963.4,-11491.3
0.0639,9940,-2523.7,-13576.0
0.0703,-21000,-9765.0,-14650.9
0.0767,-37100,-29226.2,-16977.8
0.0831,10980,-2054.1,-15911.7
0.0895,-45300,-15500.3,-14921.5
0.0959,-7290,-34862.1,-14411.8
0.1023,-34810,-1098.5,-7452.5
0.1087,27270,7199.8,-2272.4
0.1151,-25770,-9568.3,2459.9
0.1215,12490,16039.8,7875.6
0.1279,21300,13363.1,6441.8
0.1343,-25470,-3607.3,884.3
0.1407,24630,9112.1,-5822.1
0.1471,-38500,-21797.1,-10852.0
0.1535,-27780,-27327.6,-11372.8
0.1598,-470,-5679.6,-11070.1
0.1662,-43720,-21664.8,-12953.3
0.1726,24690,3519.9,-9811.0
0.1790,-9550,19441.3,-3692.2
0.1854,-10000,-28151.7,-2711.2
0.1918,-34760,-17873.5,-1922.4
0.1982,20520,21013.3,-4342.9
0.2046,-4560,-8968.7,-8966.3
0.2110,-28970,-9729.4,-7518.9
0.2174,14790,-574.1,-3599.5
0.2238,-44040,-25331.7,-2082.2
0.2302,10930,7736.4,-1973.6
0.2366,14800,13553.0,3484.6
0.2430,-18050,-476.9,9583.6
0.2494,38540,23115.6,10067.0
0.2558,-16360,3589.0,8926.7
0.2621,12110,7149.4,7539.4
0.2685,16990,16681.8,7140.8
0.2749,-35860,-16582.5,4744.0
0.2813,26310,4063.4,4766.0
0.2877,-5030,28752.7,7452.4
0.2941,21210,-5125.7,4969.2
0.3005,-29400,-2755.7,4466.0
0.3069,32810,23377.5,4148.7
0.3133,-10770,-7207.0,845.9
0.3197,-26280,-11910.1,959.4
0.3261,21210,6333.3,1551.2
0.3325,-27410,-4983.2,30.8
0.3389,22120,11693.0,-3530.1
0.3453,-7540,-591.0,-11059.6
0.3517,-38410,-26918.4,-17422.7
0.3581,7370,-8089.6,-14315.8
0.3645,-58630,-29716.9,-7744.3
0.3708,-14300,-38539.7,-315.5
0.3772,8260,35764.9,9081.8
0.3836,68570,55511.4,10407.2
0.3900,-990,7750.6,8213.6
0.3964,-5310,3942.3,6590.2
0.4028,-9200,-20798.3,-940.8
0.4092,-60540,-38714.9,-11808.4
0.4156,14290,1918.3,-16534.2
0.4220,-14980,-4589.0,-10031.3
0.4284,-9430,-2046.0,-3124.4
0.4348,17040,6396.7,88.6
0.4412,-35640,-13603.0,1009.8
0.4476,26090,12610.1,-2642.9
0.4540,-11450,295.2,-5631.6
0.4604,-33950,-26977.7,-5706.7
0.4668,13730,697.9,-2248.3
0.4731,-33440,-3882.4,-3653.8
0.4795,14530,-13512.0,-11087.6
0.4859,-20410,13353.4,-13742.1
0.4923,14800,-5802.1,-15350.7
0.4987,-64610,-48336.5,-13623.4
0.5051,-27190,-24129.0,-7429.6
0.5115,8280,419.7,-2718.4
0.5179,-5400,16047.9,4157.4
0.5243,57290,41744.8,13184.3
0.5307,-5260,11272.9,21249.8
0.5371,7240,7380.3,25200.0
0.5435,32300,27323.4,21184.6
0.5499,-15480,5844.6,13449.7
0.5563,44330,23871.6,12898.5
0.5627,400,28323.8,13840.2
0.5691,-3360,-20678.1,6323.0
0.5754,-18740,-2620.1,-1378.1
0.5818,23580,24299.3,-8725.1
0.5882,-24880,-29262.5,-15672.2
0.5946,-53790,-34923.8,-17447.6
0.6010,3000,-12069.6,-18213.1
0.6074,-44320,-25792.4,-19496.1
0.6138,-50,-3374.1,-17999.8
0.6202,-12010,-12959.9,-10583.8
0.6266,-39010,-21784.8,-5908.5
0.6330,26580,11412.5,-7957.7
0.6394,-29970,-10091.6,-9225.1
0.6458,-7080,-12027.1,-8363.5
0.6522,-1490,-1742.3,-6861.7
0.6586,-47020,-27620.4,-9664.3
0.6650,15600,-6763.0,-10802.4
0.6714,-21930,12115.6,-7725.2
0.6777,5880,-20475.1,-7685.1
0.6841,-42850,-16202.7,-5691.6
0.6905,19540,10434.2,-5310.4
0.6969,-16010,-12581.8,-8075.0
0.7033,-25480,-10976.3,-8864.4
0.7097,12520,-1826.9,-10870.5
0.7161,-45470,-23854.6,-13372.9
0.7225,3150,-5827.0,-15111.7
0.7289,-22460,-16544.7,-14581.3
0.7353,-41010,-29140.5,-10552.3
0.7417,23850,10139.0,-1981.7
0.7481,-25120,130.6,4501.0
0.7545,16000,-2513.8,3370.5
0.7609,9940,32115.0,5246.4
0.7673,24300,14161.7,4515.4
0.7737,-35840,-24003.9,-1288.7
0.7801,-15620,-16336.1,1611.0
0.7864,2720,8088.8,1769.2
0.7928,-41,2004.2,-4500.6
0.7992,200,6220.8,-406.5
0.8056,19700,18824.0,4439.0
0.8120,-24940,-14932.8,-1972.0
0.8184,-16590,-21485.5,-4449.1
0.8248,1814,15209.5,-833.1
0.8312,0,-6882.3,-2288.8
0.8376,-30620,-17352.7,-1408.8
0.8440,33770,29505.4,4252.7
0.8504,630,9618.7,4773.5
0.8568,-19250,-19518.3,1815.8
0.8632,2,7741.3,2677.3
0.8696,6790,3525.2,1225.6
0.8760,-22700,-7887.2,-10290.6
0.8824,3420,-9010.6,-17673.4
0.8887,-39520,-16108.5,-16509.4
0.8951,-5010,-23198.1,-21919.7
0.9015,-75490,-49913.0,-24135.4
0.9079,-34,-17493.4,-14668.3
0.9143,730,24220.7,-6966.8
0.9207,-3740,-18587.9,828.6
0.9271,-12260,7465.2,11118.2
0.9335,55400,47457.2,16662.0
0.9399,-9690,-1553.8,16854.7
0.9463,3810,11597.1,17045.3
0.9527,34080,25841.3,22310.2
0.9591,-12990,6744.3,18863.3
0.9655,38950,27575.8,8502.9
0.9719,-9,12904.3,7118.4
0.9783,750,3290.4,-457.5
0.9847,-12240,-14254.1,-7977.8
0.9910,-45450,-33555.3,-5128.4
0.9974,10550,9048.3,-4145.6
1.0038,210,1988.5,6387.1
1.0102,170,13638.6,19829.8
1.0166,57380,46676.2,25414.1
1.0230,3290,20387.9,26759.8
1.0294,41770,38752.9,16300.1
1.0358,11030,11991.4,8443.9
1.0422,-44930,-30120.6,3164.4
1.0486,5020,-5924.9,-7107.0
1.0550,-36160,-20072.7,-10659.9
1.0614,6540,4704.1,-12897.2
1.0678,10280,11997.1,-7606.4
1.0742,-40960,-30517.7,-371.1
1.0806,2,-2254.6,-4314.9
1.0870,1900,5914.1,-3995.8
1.0934,-9070,2783.5,-4327.9
1.0997,9920,-1562.9,-2163.6
1.1061,-42670,-20822.8,7559.3
1.1125,27640,16307.4,6208.0
1.1189,5400,16522.3,4633.3
1.1253,3040,9433.8,9203.5
1.1317,30370,22588.3,9291.6
1.1381,-37010,-15794.5,7075.8
1.1445,18040,2182.1,3914.0
1.1509,39,23192.4,3433.3
1.1573,30,-14271.1,3583.3
1.1637,-13740,7194.0,7339.9
1.1701,39240,26413.2,17696.2
1.1765,-13270,6705.4,17802.4
1.1829,30340,19134.5,15696.3
1.1893,20860,37614.5,22591.7
1.1957,31230,24874.3,19775.8
1.2020,-18280,-6948.5,15120.4
1.2084,13380,11431.4,18979.2
1.2148,29150,38369.3,15354.3
1.2212,-20,-2089.1,11227.7
1.2276,160,9950.4,13291.2
1.2340,31790,31570.4,9130.3
1.2404,-20100,-16815.5,-1197.0
1.2468,-16340,-5508.7,-10667.9
1.2532,3620,-5613.7,-16759.3
1.2596,-64370,-44462.4,-21555.1
1.2660,-12240,-22610.0,-22922.9
1.2724,-33720,-22573.1,-22782.2
1.2788,-30390,-23545.2,-24004.8
1.2852,13720,3358.9,-19256.9
1.2916,-50660,-23282.1,-16203.9
1.2980,-14080,-39259.0,-15970.7
1.3043,-33730,-488.4,-12372.9
1.3107,17490,-3287.5,-12826.2
1.3171,-43890,-24548.1,-9799.8
1.3235,7170,6771.5,-3961.1
1.3299,380,-2188.2,-3913.9
1.3363,-33430,-16192.4,-3716.8
1.3427,24490,13237.9,-5239.5
1.3491,-29790,-14552.0,-6623.0
1.3555,-9730,-10365.0,-1850.3
1.3619,11480,12313.4,1642.5
1.3683,-36920,-24796.4,-2045.1
1.3747,20310,13644.6,-992.1
1.3811,25330,38888.1,6214.3
1.3875,-28060,-31663.1,2747.6
1.3939,-27300,-18980.4,-715.4
1.4003,34760,36578.6,923.7
1.4066,-6190,-2249.8,-8453.7
1.4130,-36990,-32707.2,-9546.8
1.4194,14,3901.4,3513.2
1.4258,650,2458.9,2785.0
1.4322,-20720,-12370.2,314.8
1.4386,36470,32600.7,12077.1
1.4450,20260,34611.0,17643.4
1.4514,-1357,-10697.9,16860.7
1.4578,0,17929.4,20438.0
1.4642,44870,35579.0,18240.6
1.4706,-10120,2431.2,11288.5
1.4770,16100,17858.1,11662.4
1.4834,17620,14931.5,13262.1
1.4898,-28270,-10320.5,5726.4
1.4962,26660,10315.7,642.2
1.5026,-14390,12100.8,4159.2
1.5090,13560,-5640.8,3581.9
1.5153,-31770,-7061.8,2338.6
1.5217,22810,7854.2,4219.4
1.5281,-2,19998.9,446.8
1.5345,3980,-7173.2,-3128.9
1.5409,-31390,-14135.6,-2030.4
1.5473,13260,4157.5,-3666.0
1.5537,-29200,-13786.1,-5634.3
1.5601,317,-7471.4,-214.5
1.5665,70,15396.2,7158.0
1.5729,12060,2312.5,5074.5
1.5793,-5550,13609.8,862.2
1.5857,36810,22350.2,5000.1
1.5921,-39570,-16603.8,5501.7
1.5985,-11740,-27724.8,798.3
1.6049,-8880,12544.8,468.7
1.6113,42930,31118.2,-2826.4
1.6176,-21830,-6175.2,-3194.6
1.6240,-12280,-18385.0,5226.9
1.6304,-6530,4627.8,4970.8
1.6368,-4,-3220.8,345.7
1.6432,4900,13632.3,3809.3
1.6496,24070,24512.5,7006.7
1.6560,-12340,-10084.6,8198.3
1.6624,2890,12417.5,11706.9
1.6688,28410,20735.0,15862.3
1.6752,-24600,-7242.4,18596.7
1.6816,45220,33775.9,21634.1
1.6880,27840,44609.9,22699.2
1.6944,21300,12806.2,15440.1
1.7008,4,14032.7,9452.9
1.7072,4520,-3690.3,7519.0
1.7136,-35020,-18455.2,-3661.9
1.7199,3580,-9099.2,-12853.1
1.7263,-19750,1245.3,-10449.1
1.7327,17070,1370.8,-10326.2
1.7391,-51790,-29864.9,-9286.4
1.7455,-11,-15309.0,-2636.6
1.7519,430,21482.2,-1624.8
1.7583,4350,-10198.0,-2672.3
1.7647,-20290,-923.3,604.9
1.7711,33380,23129.5,55.9
1.7775,-31280,-20549.5,-4869.4
1.7839,-14230,-11838.2,-3415.1
1.7903,7960,4113.9,947.4
1.7967,-33770,-18517.8,-2637.6
1.8031,29050,16868.2,-688.0
1.8095,11840,29484.6,8564.2
1.8159,-5600,-15252.8,7051.7
1.8223,-20700,-8545.2,6766.1
1.8286,33130,29243.1,7671.3
1.8350,390,8271.0,-1385.1
1.8414,-14610,-16838.9,-454.0
1.8478,3539,11631.1,6013.0
1.8542,0,-2545.7,4858.8
1.8606,-14550,-8919.0,7943.1
1.8670,34010,38330.0,14174.8
1.8734,21720,16328.2,16877.6
1.8798,-5610,10415.2,15307.8
1.8862,44990,31851.2,12781.2
1.8926,-22060,-6683.5,9079.2
1.8990,170,-2791.4,3565.0
1.9054,6980,4703.7,2836.1
1.9118,-25920,-8998.7,-2112.1
1.9182,30820,11749.9,-6839.5
1.9246,-24030,2464.7,-1448.3
1.9309,4030,-16744.2,-2176.1
1.9373,-38060,-15936.9,-3066.1
1.9437,20000,5617.7,-375.3
1.9501,-21,17221.3,-4192.3
1.9565,180,-13187.9,-3204.3
1.9629,-22170,-2890.5,-1554.4
1.9693,15250,-526.2,-5653.9
1.9757,-42650,-24728.2,-7623.2
1.9821,8530,359.7,-9356.3
1.9885,-11190,-7484.0,-12350.2
1.9949,-26410,-16816.0,-14048.8
2.0013,15540,2082.2,-10292.3
2.0077,-49790,-28026.5,-8206.1
2.0141,-5800,-24528.5,-10798.1
2.0205,-1790,18303.9,-6220.5
2.0269,19830,7342.3,-2941.9
2.0332,-31000,-19201.6,-1054.1
2.0396,3790,-1176.2,6557.3
2.0460,10520,16868.5,3029.2
2.0524,-467,-2638.7,-4357.4
2.0588,0,4886.1,-1127.3
2.0652,6390,5820.8,2451.6
2.0716,-27140,-25785.2,6618.1
2.0780,3260,8011.1,12721.8
2.0844,40260,35615.5,14862.7
2.0908,12060,20962.1,15092.8
2.0972,40700,35002.9,16108.3
2.1036,-2930,3828.8,13635.1
2.1100,-22620,-25343.4,2141.1
2.1164,144,5525.8,-8683.2
2.1228,60,-5103.3,-12202.1
2.1292,-36230,-24886.5,-18103.7
2.1355,-7610,-20852.5,-21278.3
2.1419,-36890,-18151.3,-18825.4
2.1483,6480,-11885.1,-21224.6
2.1547,-54340,-33613.0,-18599.9
2.1611,-91,-18501.8,-7004.9
2.1675,70,19913.4,-182.5
2.1739,11340,-6197.6,4652.0
2.1803,-4810,12901.8,11012.8
2.1867,52520,40070.0,13795.4
2.1931,-13270,-5614.9,12179.1
2.1995,1550,3436.5,10267.2
2.2059,23630,15243.1,12575.3
2.2123,-18780,-4019.5,9107.6
2.2187,31700,17329.7,770.0
2.2251,-20,11768.9,147.8
2.2315,390,-3863.6,-2862.5
2.2379,-17360,-19262.4,-8971.5
2.2442,-40590,-32607.5,-9944.2
2.2506,14180,4591.9,-11392.3
2.2570,-9230,530.0,-12003.3
2.2634,-13700,-21001.3,-8388.7
2.2698,34,5878.5,-2943.1
2.2762,510,-4193.9,-3113.1
2.2826,-23370,-17882.3,-5590.7
2.2890,15790,8956.8,-380.0
2.2954,-5370,3339.0,481.2
2.3018,-3724,-13937.7,-3555.7
2.3082,0,10636.0,-1753.9
2.3146,16820,6690.5,-2404.5
2.3210,-33830,-25937.8,-6189.1
2.3274,1980,-3952.3,-5563.9
2.3338,5190,9041.9,48.3
2.3402,-3,-4928.2,5688.3
2.3465,1960,9222.7,13879.5
2.3529,37870,24860.3,27165.7
2.3593,26970,44149.3,31252.9
2.3657,56190,35215.5,30399.4
2.3721,6360,24821.4,29265.8
2.3785,50480,37101.7,18131.3
2.3849,-6380,-4065.0,8090.4
2.3913,-19950,-13335.4,382.0
2.3977,12530,-2810.7,-6211.7
2.4041,-36510,-21200.9,-7485.3
2.4105,20530,8245.0,-10418.2
2.4169,-4960,-3450.9,-9380.3
2.4233,-25260,-18880.3,-9083.6
2.4297,17050,1899.3,-11546.1
2.4361,-40500,-25823.2,-8014.3
2.4425,45,-13112.4,-8662.8
2.4488,0,3896.6,-7052.7
2.4552,-5330,-4073.2,1421.1
2.4616,26930,17564.8,3807.2
2.4680,-14390,-4762.5,6330.7
2.4744,16260,3580.0,10756.5
2.4808,24830,33876.5,10653.9
2.4872,-16,-10549.7,9943.1
2.4936,430,6154.8,9323.0
2.5000,40960,35197.9,7088.9
2.5064,-10620,-12522.9,4349.4
2.5128,-4510,-360.6,4437.2
2.5192,22830,10408.6,7865.6
2.5256,-21400,-9661.2,6679.3
2.5320,39190,24139.4,5283.6
2.5384,7560,16465.8,8701.2
2.5448,4510,-5127.3,3908.1
2.5512,405,4832.5,-1837.9
2.5575,60,-9719.1,-3661.6
2.5639,-22330,-12577.8,-11238.4
2.5703,890,-17744.6,-10637.3
2.5767,-28040,-10567.0,-7604.8
2.5831,19890,-990.1,-13122.3
2.5895,-30500,-19645.4,-15950.0
2.5959,1450,-4655.1,-22552.7
2.6023,-20150,-28654.1,-29984.2
2.6087,-70600,-59372.4,-32541.2
2.6151,-13800,-32002.3,-36547.6
2.6215,-52280,-42522.8,-37030.9
2.6279,-18700,-25666.8,-32619.9
2.6343,520,-6412.9,-22054.4
2.6407,-46230,-37620.5,-14962.8
2.6471,4350,-12315.8,-16286.4
2.6535,-40,9909.8,-9141.7
2.6598,990,-10010.6,-3058.7
2.6662,-21580,-21510.7,-4698.4
2.6726,-5950,-6814.2,-1279.0
2.6790,37620,29501.9,-2692.0
2.6854,-8870,-4676.1,-8747.0
2.6918,-28070,-39061.0,-7011.7
2.6982,169,5566.2,-7031.0
2.7046,50,-10803.8,-14035.2
2.7110,-33640,-31231.4,-16971.9
2.7174,12280,8262.8,-12299.1
2.7238,-6260,-14898.2,-10609.2
2.7302,-34140,-25387.6,-12747.2
2.7366,25220,5547.0,-5840.1
2.7430,-20720,-6832.5,2644.4
2.7494,13850,-3225.0,5798.4
2.7558,14900,18498.7,10728.2
2.7621,26360,24306.9,7872.4
2.7685,27850,15172.5,2965.9
2.7749,-19150,-7600.0,5098.4
2.7813,2640,-19001.3,207.4
2.7877,-30840,-15643.2,-4430.4
2.7941,37090,15386.4,-3999.1
2.8005,-27,13716.3,-5343.5
2.8069,40,-21002.4,-1618.9
2.8133,-10010,3961.9,515.3
2.8197,19660,-1147.0,-2575.8
2.8261,-30860,-20722.4,-3494.7
2.8325,26670,15215.0,-2340.5
2.8389,2910,-1882.2,-1699.1
2.8453,-14970,-9435.0,-6241.8
2.8517,28210,9254.2,-7081.3
2.8581,-31390,-19619.3,-2104.2
2.8645,1,-15239.2,-902.2
2.8708,760,-97.5,-539.1
2.8772,9880,11589.8,-5268.1
2.8836,40810,23995.0,-5934.6
2.8900,-25080,-13273.6,3087.2
2.8964,-14920,-34186.6,2613.6
2.9028,-15340,-7881.5,1281.8
2.9092,48420,36556.9,3328.5
2.9156,25980,27122.9,2673.6
2.9220,-8930,-19125.3,9221.8
2.9284,4150,8782.4,10779.6
2.9348,25150,8458.1,1763.3
2.9412,-25050,-15537.5,-3558.2
2.9476,30860,14950.5,-1680.4
2.9540,-8290,-7275.6,-281.5
2.9604,-14660,-16078.2,-6288.6
2.9668,28920,13393.2,-6155.3
2.9731,-20250,-7955.9,-1868.3
2.9795,5810,-17640.0,-5161.5
2.9859,-17700,-3848.9,-2215.2
2.9923,35650,14690.1,1535.9
2.9987,-3090,7525.8,2199.1
3.0051,4866,-15289.2,7516.7
3.0115,0,13135.0,3990.7
3.0179,37940,13397.5,-3628.2
3.0243,-23080,-7414.7,-7722.9
3.0307,7910,-13621.6,-12320.6
3.0371,-44000,-38955.9,-13531.6
3.0435,-6340,-11040.2,-15189.6
3.0499,14360,638.9,-12173.8
3.0563,-31230,-21141.3,-5689.7
3.0627,29570,9666.8,-5136.0
3.0691,-73,5938.3,-2480.8
3.0754,10,-7868.1,-2756.8
3.0818,-2060,-11186.3,-8237.9
3.0882,-31150,-26211.8,-10269.5
3.0946,22060,5937.4,-12973.8
3.1010,-12620,-7096.5,-15554.7
3.1074,-27190,-39713.9,-13604.8
3.1138,1,1044.2,-8367.0
3.1202,9110,-815.1,-7587.8
3.1266,-24140,-22721.3,-9033.4
3.1330,25450,12511.5,-2370.7
3.1394,2080,8030.5,1134.7
3.1458,-2557,-20241.1,-261.9
3.1522,0,9466.3,5277.3
3.1586,35870,17537.8,9673.7
3.1650,-6840,-1055.8,10591.8
3.1714,32740,23040.3,17544.8
3.1777,33810,26952.6,23127.8
3.1841,8270,12900.9,18303.2
3.1905,44730,24900.5,16133.4
3.1969,8610,22405.4,17362.2
3.2033,25160,1166.6,10191.5
3.2097,-21260,-7688.9,6606.8
3.2161,36200,15007.2,5850.5
3.2225,-417,10293.2,-2521.9
3.2289,0,-20022.0,-7761.6
3.2353,-12270,-695.4,-11846.6
3.2417,5830,-15267.4,-20454.9
3.2481,-56690,-46638.2,-25595.2
3.2545,-6180,-20464.7,-25968.8
3.2609,-26200,-28740.4,-26841.4
3.2673,-31830,-29495.0,-26098.9
3.2737,18840,-514.3,-17071.7
3.2801,-38810,-23167.4,-11161.4
3.2864,1050,-25379.3,-14290.8
3.2928,-7690,8387.2,-14502.9
3.2992,18320,-2841.1,-16641.7
3.3056,-43750,-36305.2,-19121.1
3.3120,-19870,-31296.8,-12023.3
3.3184,-7420,-8329.7,-8794.1
3.3248,-3,-5871.7,-11085.4
3.3312,9610,6920.8,-4020.1
3.3376,24320,16817.2,2542.3
3.3440,-17090,-15205.7,-1907.8
3.3504,-4400,-18086.9,-5806.2
3.3568,1426,9967.2,-8525.7
3.3632,0,-18655.7,-13484.3
3.3696,-38050,-28153.1,-11576.4
3.3760,21040,6746.9,-4603.4
3.3824,-8420,-8673.3,-4312.6
3.3887,-8660,-8363.4,-7622.4
3.3951,32060,16405.0,-3504.7
3.4015,-18970,-5801.3,-2427.4
3.4079,-1650,-24711.8,-8265.9
3.4143,-26680,-11830.4,-6064.6
3.4207,27890,7809.2,-5626.8
3.4271,-17700,-7361.9,-9046.3
3.4335,19,-16560.5,-4665.5
3.4399,410,10402.9,-5268.0
3.4463,6010,-12654.1,-11359.4
3.4527,-35130,-22603.9,-13429.3
3.4591,15230,-2729.5,-15764.8
3.4655,-37330,-30679.3,-17272.6
3.4719,-10370,-16814.3,-12518.6
3.4783,9340,1725.0,-5180.2
3.4847,-27900,-20617.8,-4868.1
3.4910,30290,13198.2,-3999.7
3.4974,14620,26161.2,1039.1
3.5038,-6990,-23220.0,-2504.3
3.5102,-32920,-25014.4,-4260.6
3.5166,21040,9566.2,-3813.2
3.5230,-5900,-1645.3,-11515.5
3.5294,-9420,-18687.1,-8933.2
3.5358,367,4109.0,-595.0
3.5422,20,-8500.1,-2639.7
3.5486,-16020,-14648.6,-3675.8
3.5550,25340,22719.3,-3564.3
3.5614,480,-6715.5,-6463.8
3.5678,-29700,-22670.4,-6704.4
3.5742,19460,5098.6,-6502.1
3.5806,-33680,-23479.1,-8237.8
3.5870,4430,-8594.0,-6289.9
3.5934,13530,20715.2,2867.9
3.5997,-134,-10844.3,7895.5
3.6061,80,8276.9,4442.8
3.6125,43560,29153.3,4697.6
3.6189,-11960,1545.1,4154.2
3.6253,4350,-14159.4,-1009.4
3.6317,-36010,-20247.3,-667.5
3.6381,27510,9065.6,-2230.0
3.6445,-93,15257.2,-6134.2
3.6509,40,-18229.1,-1410.2
3.6573,-8700,7417.8,1872.4
3.6637,23920,6337.2,2477.8
3.6701,-25280,-13184.9,8181.3
3.6765,31000,23223.5,14224.6
3.6829,16040,14028.4,19251.2
3.6893,16560,24319.0,18570.8
3.6957,59770,46643.0,14840.2
3.7020,-17170,-6156.8,13617.6
3.7084,-3,-6649.5,4880.0
3.7148,830,-1026.0,-5376.5
3.7212,-25620,-17234.8,-9280.9
3.7276,21490,8176.3,-12519.7
3.7340,-36790,-22418.1,-9955.8
3.7404,-7180,-20590.6,-2541.0
3.7468,14390,26186.3,2291.8
3.7532,-87,-9843.3,6067.4
3.7596,90,8686.6,9338.0
3.7660,49880,44788.9,11451.5
3.7724,-9670,-7884.1,10921.1
3.7788,-5250,-421.6,8701.0
3.7852,21660,13249.9,7735.3
3.7916,-22290,-9333.1,3531.2
3.7980,30770,19599.0,1147.3
3.8043,-6610,4533.9,3205.8
3.8107,-10730,-17194.2,-3778.2
3.8171,19,8270.2,-8883.2
3.8235,860,-6697.2,-5973.5
3.8299,-37630,-22818.3,-6782.9
3.8363,3070,-13336.3,927.3
3.8427,-4330,18224.4,10347.4
3.8491,49780,32140.2,12347.9
3.8555,-3220,12248.5,19817.4
3.8619,33200,31318.2,22499.8
3.8683,22070,18101.2,19762.8
3.8747,-16610,-755.8,16897.7
3.8811,35040,21981.8,9850.6
3.8875,-13010,1081.5,4916.5
3.8939,9920,9167.6,52.4
3.9003,9610,6952.5,-87.3
3.9066,-44380,-29881.9,1214.5
3.9130,10030,210.0,-4921.3
3.9194,-2484,9879.5,-4984.2
3.9258,0,653.9,-4553.6
3.9322,-6010,-6814.9,-8845.6
3.9386,-40790,-28459.8,-8182.5
3.9450,7840,1120.4,-9228.2
3.9514,-22400,-9296.5,-13642.4
3.9578,-32410,-36021.4,-15484.4
3.9642,18,10231.0,-13471.8
3.9706,80,-2162.5,-13517.1
3.9770,-54280,-42439.0,-14243.5
3.9834,-3080,-8082.7,-6163.1
3.9898,-10730,4619.9,-2739.8
3.9962,-2863,-10077.3,-5835.0
4.0026,0,16552.0,65.3
4.0090,19770,13725.1,3917.4
4.0153,-35740,-21785.6,1361.8
4.0217,1060,-655.4,3583.6
4.0281,5100,15403.0,7879.8
4.0345,-2,476.0,9509.3
4.0409,7800,19476.1,10018.7
4.0473,27370,24027.9,12119.8
4.0537,-6560,10903.9,11988.4
4.0601,10610,2417.8,8064.1
4.0665,-32720,-11776.9,7496.0
4.0729,25630,16395.2,7089.8
4.0793,-11,21559.7,5279.0
4.0857,900,-8925.5,8028.5
4.0921,-5450,17960.6,10108.1
4.0985,25660,15017.8,8246.7
4.1049,-29640,-8036.6,6479.3
4.1113,20680,17673.1,8058.2
4.1176,-4050,4585.7,9841.6
4.1240,-12640,1506.0,8670.7
4.1304,34890,26984.0,12362.2
4.1368,-17850,9084.7,13395.7
4.1432,18160,4695.8,8448.8
4.1496,-6770,19172.7,11321.9
4.1560,18850,11849.8,9738.7
4.1624,-25260,-7135.1,5287.2
4.1688,7320,7139.4,12117.5
4.1752,14510,29670.9,14623.4
4.1816,-179,-262.5,14055.2
4.1880,60,16556.4,16192.6
4.1944,40750,42124.9,12702.6
4.2008,-16180,-5668.0,8030.0
4.2072,-14870,-2156.2,4480.2
4.2136,4060,1749.1,2079.3
4.2199,-38390,-15451.6,319.2
4.2263,21730,16998.6,416.1
4.2327,-12580,3964.3,2988.7
4.2391,-14100,-4474.3,1409.2
4.2455,20620,19792.3,1846.2
4.2519,-34210,-8266.9,1301.8
4.2583,-7220,-19015.0,-5495.6
4.2647,-26830,4137.1,-4157.2
4.2711,16780,5815.7,-1644.8
4.2775,-37030,-9971.7,-3053.7
4.2839,11,-5621.6,4510.6
4.2903,150,22857.2,11005.2
4.2967,14240,11962.8,10079.1
4.3031,-17290,3389.1,14742.3
4.3095,34600,34298.7,22123.6
4.3159,-1315,17778.9,18848.3
4.3223,0,1065.5,10930.5
4.3286,13580,32796.5,11439.0
4.3350,13130,12850.9,11403.1
4.3414,-46490,-24682.4,5091.5
4.3478,9270,6709.4,7521.8
4.3542,13250,36543.7,14509.0
4.3606,14450,12147.1,16238.2
4.3670,-17550,4335.2,24881.6
4.3734,44190,44227.0,31370.4
4.3798,21520,41469.6,22847.8
4.3862,8470,9707.7,18046.1
4.3926,3156,22898.9,17965.2
4.3990,0,2045.5,11108.8
4.4054,-32940,-16201.5,5001.1
4.4118,15110,24021.4,2101.6
4.4182,-840,5827.2,657.4
4.4246,-27850,-7811.5,1970.6
4.4309,17470,15527.4,4433.4
4.4373,-35260,-11429.3,5329.3
4.4437,4680,4149.7,5941.7
4.4501,9170,28688.1,11891.7
4.4565,-2293,1222.7,15733.4
4.4629,0,18415.9,13136.4
4.4693,28540,29591.2,14956.3
4.4757,-13610,9622.4,16063.9
4.4821,8910,4910.7,12713.0
4.4885,-25980,824.8,13828.4
4.4949,32970,27208.3,13072.4
4.5013,-10,27444.7,10567.2
4.5077,880,-5624.5,14966.5
4.5141,-8160,20149.0,17851.7
4.5205,27320,20951.9,16928.1
4.5269,-18020,6686.2,19150.2
4.5332,36440,38580.8,24687.8
4.5396,10220,21533.1,27786.6
4.5460,2110,19349.7,22895.4
4.5524,48020,46529.9,21524.6
4.5588,-8170,15183.6,25172.9
4.5652,331,715.6,21443.3
4.5716,60,14285.9,18810.8
4.5780,21930,34569.6,17534.3
4.5844,33080,35728.9,13174.1
4.5908,-26840,-7271.2,14859.9
4.5972,1940,2741.9,17286.4
4.6036,6090,23043.0,12280.4
4.6100,-3820,602.4,1902.3
4.6164,0,14125.8,-4096.5
4.6228,7500,11856.3,554.5
4.6292,-43370,-27445.7,5200.0
4.6355,-23970,-22777.5,5603.3
4.6419,1760,19763.8,5606.5
4.6483,46970,47276.4,5655.2
4.6547,5170,21216.8,9485.8
4.6611,-27660,-23504.6,11689.3
4.6675,-22460,-13242.4,2230.8
4.6739,131,12656.4,-9417.8
4.6803,70,-1326.2,-12459.1
4.6867,-46940,-24038.8,-11451.8
4.6931,-14620,-25651.6,-7984.4
4.6995,-24920,3195.9,-7359.6
4.7059,17170,5833.7,-11694.4
4.7123,-42450,-21248.5,-7588.9
4.7187,2880,3013.0,-165.9
4.7251,-4260,2183.1,-572.2
4.7315,-31200,-18425.2,564.1
4.7379,26930,23960.2,7620.3
4.7442,-149,16290.0,12677.9
4.7506,40,-4304.7,14004.3
4.7570,17580,33866.0,18238.3
4.7634,27990,21221.7,17202.0
4.7698,-21010,-1387.7,6414.9
4.7762,26760,14912.9,4177.0
4.7826,-19060,3147.6,3671.8
4.7890,-11580,-24070.5,-5953.3
4.7954,-32250,-14255.4,-7360.4
4.8018,23790,17249.4,-5026.7
4.8082,-13060,-3346.5,-9867.9
4.8146,-27600,-28368.9,-8499.0
4.8210,1,5723.5,-1907.5
4.8274,1410,-412.3,-3619.0
4.8338,-31510,-23178.2,-4671.6
4.8402,24450,17176.2,3063.8
4.8465,6030,18339.1,6048.7
4.8529,-2249,-13947.7,5893.1
4.8593,0,13331.9,10554.4
4.8657,28600,17131.3,6082.4
4.8721,-16840,-9034.0,-6145.6
4.8785,13660,9895.2,-6540.0
4.8849,-3540,-7775.6,-76.1
4.8913,-48720,-41789.7,-861.1
4.8977,16680,2067.3,1376.9
4.9041,32530,44414.6,9102.9
4.9105,41760,24012.1,10098.1
4.9169,-18360,-7583.2,11889.5
4.9233,23290,5083.6,9497.3
4.9297,-27,10654.7,-5152.7
4.9361,590,-21571.0,-11806.9
4.9425,-30060,-16612.4,-10230.3
4.9488,7450,-17653.7,-10853.7
4.9552,-25960,-16888.8,-12666.1
4.9616,31320,15484.3,-14348.7
4.9680,-6510,-15074.3,-11137.2
4.9744,-28710,-27169.0,-12887.8
4.9808,16880,-7479.7,-14028.1
4.9872,-26230,-20471.6,-13676.4
4.9936,17760,-1833.6,-10950.9
5.0000,2640,-8158.0,-4970.2
